-- ============================================================
-- AUTOSALES Test Data: DEALER + LOT_LOCATION + SYSTEM_USER
-- 5 dealerships across different states
-- ============================================================

-- Floor Plan Lenders (referenced by DEALER)
INSERT INTO AUTOSALE.FLOOR_PLAN_LENDER
    (LENDER_ID, LENDER_NAME, CONTACT_NAME, PHONE,
     BASE_RATE, SPREAD, CURTAILMENT_DAYS, FREE_FLOOR_DAYS)
VALUES
    ('ALLY1', 'Ally Financial Auto', 'Karen Mitchell', '8005551000',
     5.500, 1.250, 90, 3);

INSERT INTO AUTOSALE.FLOOR_PLAN_LENDER
    (LENDER_ID, LENDER_NAME, CONTACT_NAME, PHONE,
     BASE_RATE, SPREAD, CURTAILMENT_DAYS, FREE_FLOOR_DAYS)
VALUES
    ('CHASE', 'Chase Auto Dealer Svcs', 'David Park', '8005552000',
     5.750, 1.000, 90, 5);

INSERT INTO AUTOSALE.FLOOR_PLAN_LENDER
    (LENDER_ID, LENDER_NAME, CONTACT_NAME, PHONE,
     BASE_RATE, SPREAD, CURTAILMENT_DAYS, FREE_FLOOR_DAYS)
VALUES
    ('BMWFS', 'BMW Financial Services', 'Lisa Braun', '8005553000',
     4.250, 0.750, 120, 7);

COMMIT;

-- Dealers
INSERT INTO AUTOSALE.DEALER
    (DEALER_CODE, DEALER_NAME, ADDRESS_LINE1, CITY, STATE_CODE,
     ZIP_CODE, PHONE_NUMBER, FAX_NUMBER, DEALER_PRINCIPAL,
     REGION_CODE, ZONE_CODE, OEM_DEALER_NUM,
     FLOOR_PLAN_LENDER_ID, MAX_INVENTORY, ACTIVE_FLAG, OPENED_DATE)
VALUES
    ('DLR01', 'Lakewood Ford', '4500 W Colfax Ave',
     'Lakewood', 'CO', '80401', '3035551234', '3035551235',
     'James Patterson', 'MTN', 'W1', 'FRD0044501',
     'ALLY1', 400, 'Y', '2005-06-15');

INSERT INTO AUTOSALE.DEALER
    (DEALER_CODE, DEALER_NAME, ADDRESS_LINE1, CITY, STATE_CODE,
     ZIP_CODE, PHONE_NUMBER, FAX_NUMBER, DEALER_PRINCIPAL,
     REGION_CODE, ZONE_CODE, OEM_DEALER_NUM,
     FLOOR_PLAN_LENDER_ID, MAX_INVENTORY, ACTIVE_FLAG, OPENED_DATE)
VALUES
    ('DLR02', 'Northside Toyota', '8200 N Michigan Rd',
     'Indianapolis', 'IN', '46268', '3175552345', '3175552346',
     'Maria Santos', 'GLK', 'E2', 'TYT0082001',
     'ALLY1', 500, 'Y', '2001-03-22');

INSERT INTO AUTOSALE.DEALER
    (DEALER_CODE, DEALER_NAME, ADDRESS_LINE1, CITY, STATE_CODE,
     ZIP_CODE, PHONE_NUMBER, FAX_NUMBER, DEALER_PRINCIPAL,
     REGION_CODE, ZONE_CODE, OEM_DEALER_NUM,
     FLOOR_PLAN_LENDER_ID, MAX_INVENTORY, ACTIVE_FLAG, OPENED_DATE)
VALUES
    ('DLR03', 'Valley Honda of Chandler', '1250 S Arizona Ave',
     'Chandler', 'AZ', '85286', '4805553456', '4805553457',
     'Robert Nguyen', 'SWS', 'W3', 'HND0012501',
     'CHASE', 350, 'Y', '2010-09-01');

INSERT INTO AUTOSALE.DEALER
    (DEALER_CODE, DEALER_NAME, ADDRESS_LINE1, CITY, STATE_CODE,
     ZIP_CODE, PHONE_NUMBER, FAX_NUMBER, DEALER_PRINCIPAL,
     REGION_CODE, ZONE_CODE, OEM_DEALER_NUM,
     FLOOR_PLAN_LENDER_ID, MAX_INVENTORY, ACTIVE_FLAG, OPENED_DATE)
VALUES
    ('DLR04', 'Peachtree Chevrolet', '3300 Peachtree Rd NE',
     'Atlanta', 'GA', '30326', '4045554567', '4045554568',
     'William Clark', 'SES', 'E4', 'CHV0033001',
     'CHASE', 450, 'Y', '1998-11-10');

INSERT INTO AUTOSALE.DEALER
    (DEALER_CODE, DEALER_NAME, ADDRESS_LINE1, CITY, STATE_CODE,
     ZIP_CODE, PHONE_NUMBER, FAX_NUMBER, DEALER_PRINCIPAL,
     REGION_CODE, ZONE_CODE, OEM_DEALER_NUM,
     FLOOR_PLAN_LENDER_ID, MAX_INVENTORY, ACTIVE_FLAG, OPENED_DATE)
VALUES
    ('DLR05', 'Prestige BMW of Westport', '900 Post Rd East',
     'Westport', 'CT', '06880', '2035555678', '2035555679',
     'Elizabeth Hartmann', 'NES', 'E1', 'BMW0009001',
     'BMWFS', 200, 'Y', '2012-04-18');

COMMIT;

-- Lot Locations (3 per dealer)
INSERT INTO AUTOSALE.LOT_LOCATION (DEALER_CODE, LOCATION_CODE, LOCATION_DESC, LOCATION_TYPE, MAX_CAPACITY, CURRENT_COUNT) VALUES ('DLR01', 'SHOW01', 'Main Showroom', 'S', 12, 5);
INSERT INTO AUTOSALE.LOT_LOCATION (DEALER_CODE, LOCATION_CODE, LOCATION_DESC, LOCATION_TYPE, MAX_CAPACITY, CURRENT_COUNT) VALUES ('DLR01', 'FRNT01', 'Front Display Lot', 'F', 80, 32);
INSERT INTO AUTOSALE.LOT_LOCATION (DEALER_CODE, LOCATION_CODE, LOCATION_DESC, LOCATION_TYPE, MAX_CAPACITY, CURRENT_COUNT) VALUES ('DLR01', 'BACK01', 'Rear Overflow Lot', 'B', 200, 45);
INSERT INTO AUTOSALE.LOT_LOCATION (DEALER_CODE, LOCATION_CODE, LOCATION_DESC, LOCATION_TYPE, MAX_CAPACITY, CURRENT_COUNT) VALUES ('DLR02', 'SHOW01', 'Showroom Floor', 'S', 15, 7);
INSERT INTO AUTOSALE.LOT_LOCATION (DEALER_CODE, LOCATION_CODE, LOCATION_DESC, LOCATION_TYPE, MAX_CAPACITY, CURRENT_COUNT) VALUES ('DLR02', 'FRNT01', 'Front Lot', 'F', 100, 48);
INSERT INTO AUTOSALE.LOT_LOCATION (DEALER_CODE, LOCATION_CODE, LOCATION_DESC, LOCATION_TYPE, MAX_CAPACITY, CURRENT_COUNT) VALUES ('DLR02', 'OFFST1', 'Offsite Storage', 'O', 150, 30);
INSERT INTO AUTOSALE.LOT_LOCATION (DEALER_CODE, LOCATION_CODE, LOCATION_DESC, LOCATION_TYPE, MAX_CAPACITY, CURRENT_COUNT) VALUES ('DLR03', 'SHOW01', 'Main Showroom', 'S', 10, 4);
INSERT INTO AUTOSALE.LOT_LOCATION (DEALER_CODE, LOCATION_CODE, LOCATION_DESC, LOCATION_TYPE, MAX_CAPACITY, CURRENT_COUNT) VALUES ('DLR03', 'FRNT01', 'Front Lot A', 'F', 70, 28);
INSERT INTO AUTOSALE.LOT_LOCATION (DEALER_CODE, LOCATION_CODE, LOCATION_DESC, LOCATION_TYPE, MAX_CAPACITY, CURRENT_COUNT) VALUES ('DLR03', 'RECON1', 'Reconditioning Bay', 'R', 8, 3);
INSERT INTO AUTOSALE.LOT_LOCATION (DEALER_CODE, LOCATION_CODE, LOCATION_DESC, LOCATION_TYPE, MAX_CAPACITY, CURRENT_COUNT) VALUES ('DLR04', 'SHOW01', 'Showroom', 'S', 14, 6);
INSERT INTO AUTOSALE.LOT_LOCATION (DEALER_CODE, LOCATION_CODE, LOCATION_DESC, LOCATION_TYPE, MAX_CAPACITY, CURRENT_COUNT) VALUES ('DLR04', 'FRNT01', 'Front Display', 'F', 90, 40);
INSERT INTO AUTOSALE.LOT_LOCATION (DEALER_CODE, LOCATION_CODE, LOCATION_DESC, LOCATION_TYPE, MAX_CAPACITY, CURRENT_COUNT) VALUES ('DLR04', 'BACK01', 'Back Lot', 'B', 180, 55);
INSERT INTO AUTOSALE.LOT_LOCATION (DEALER_CODE, LOCATION_CODE, LOCATION_DESC, LOCATION_TYPE, MAX_CAPACITY, CURRENT_COUNT) VALUES ('DLR05', 'SHOW01', 'Luxury Showroom', 'S', 8, 4);
INSERT INTO AUTOSALE.LOT_LOCATION (DEALER_CODE, LOCATION_CODE, LOCATION_DESC, LOCATION_TYPE, MAX_CAPACITY, CURRENT_COUNT) VALUES ('DLR05', 'FRNT01', 'Front Display', 'F', 50, 22);
INSERT INTO AUTOSALE.LOT_LOCATION (DEALER_CODE, LOCATION_CODE, LOCATION_DESC, LOCATION_TYPE, MAX_CAPACITY, CURRENT_COUNT) VALUES ('DLR05', 'BACK01', 'Covered Storage', 'B', 60, 18);

COMMIT;

-- System Users (2-3 per dealer: admin, manager, salesperson)
INSERT INTO AUTOSALE.SYSTEM_USER (USER_ID, USER_NAME, PASSWORD_HASH, USER_TYPE, DEALER_CODE, ACTIVE_FLAG) VALUES ('SYSADMIN', 'System Administrator', 'A1B2C3D4E5F6A1B2C3D4E5F6A1B2C3D4E5F6A1B2C3D4E5F6A1B2C3D4E5F6A1B2', 'A', 'DLR01', 'Y');
INSERT INTO AUTOSALE.SYSTEM_USER (USER_ID, USER_NAME, PASSWORD_HASH, USER_TYPE, DEALER_CODE, ACTIVE_FLAG) VALUES ('JPATTER1', 'James Patterson', 'B2C3D4E5F6A1B2C3D4E5F6A1B2C3D4E5F6A1B2C3D4E5F6A1B2C3D4E5F6A1B2C3', 'M', 'DLR01', 'Y');
INSERT INTO AUTOSALE.SYSTEM_USER (USER_ID, USER_NAME, PASSWORD_HASH, USER_TYPE, DEALER_CODE, ACTIVE_FLAG) VALUES ('TSMITH01', 'Tom Smith', 'C3D4E5F6A1B2C3D4E5F6A1B2C3D4E5F6A1B2C3D4E5F6A1B2C3D4E5F6A1B2C3D4', 'S', 'DLR01', 'Y');
INSERT INTO AUTOSALE.SYSTEM_USER (USER_ID, USER_NAME, PASSWORD_HASH, USER_TYPE, DEALER_CODE, ACTIVE_FLAG) VALUES ('MSANTOS1', 'Maria Santos', 'D4E5F6A1B2C3D4E5F6A1B2C3D4E5F6A1B2C3D4E5F6A1B2C3D4E5F6A1B2C3D4E5', 'M', 'DLR02', 'Y');
INSERT INTO AUTOSALE.SYSTEM_USER (USER_ID, USER_NAME, PASSWORD_HASH, USER_TYPE, DEALER_CODE, ACTIVE_FLAG) VALUES ('DJONES02', 'Diana Jones', 'E5F6A1B2C3D4E5F6A1B2C3D4E5F6A1B2C3D4E5F6A1B2C3D4E5F6A1B2C3D4E5F6', 'S', 'DLR02', 'Y');
INSERT INTO AUTOSALE.SYSTEM_USER (USER_ID, USER_NAME, PASSWORD_HASH, USER_TYPE, DEALER_CODE, ACTIVE_FLAG) VALUES ('RNGUYEN3', 'Robert Nguyen', 'F6A1B2C3D4E5F6A1B2C3D4E5F6A1B2C3D4E5F6A1B2C3D4E5F6A1B2C3D4E5F6A1', 'M', 'DLR03', 'Y');
INSERT INTO AUTOSALE.SYSTEM_USER (USER_ID, USER_NAME, PASSWORD_HASH, USER_TYPE, DEALER_CODE, ACTIVE_FLAG) VALUES ('KLEE0003', 'Kevin Lee', 'A2B3C4D5E6F7A2B3C4D5E6F7A2B3C4D5E6F7A2B3C4D5E6F7A2B3C4D5E6F7A2B3', 'S', 'DLR03', 'Y');
INSERT INTO AUTOSALE.SYSTEM_USER (USER_ID, USER_NAME, PASSWORD_HASH, USER_TYPE, DEALER_CODE, ACTIVE_FLAG) VALUES ('FIMGR03', 'Angela Torres', 'B3C4D5E6F7A2B3C4D5E6F7A2B3C4D5E6F7A2B3C4D5E6F7A2B3C4D5E6F7A2B3C4', 'F', 'DLR03', 'Y');
INSERT INTO AUTOSALE.SYSTEM_USER (USER_ID, USER_NAME, PASSWORD_HASH, USER_TYPE, DEALER_CODE, ACTIVE_FLAG) VALUES ('WCLARK04', 'William Clark', 'C4D5E6F7A2B3C4D5E6F7A2B3C4D5E6F7A2B3C4D5E6F7A2B3C4D5E6F7A2B3C4D5', 'M', 'DLR04', 'Y');
INSERT INTO AUTOSALE.SYSTEM_USER (USER_ID, USER_NAME, PASSWORD_HASH, USER_TYPE, DEALER_CODE, ACTIVE_FLAG) VALUES ('MBROWN04', 'Mike Brown', 'D5E6F7A2B3C4D5E6F7A2B3C4D5E6F7A2B3C4D5E6F7A2B3C4D5E6F7A2B3C4D5E6', 'S', 'DLR04', 'Y');
INSERT INTO AUTOSALE.SYSTEM_USER (USER_ID, USER_NAME, PASSWORD_HASH, USER_TYPE, DEALER_CODE, ACTIVE_FLAG) VALUES ('EHART005', 'Elizabeth Hartmann', 'E6F7A2B3C4D5E6F7A2B3C4D5E6F7A2B3C4D5E6F7A2B3C4D5E6F7A2B3C4D5E6F7', 'M', 'DLR05', 'Y');
INSERT INTO AUTOSALE.SYSTEM_USER (USER_ID, USER_NAME, PASSWORD_HASH, USER_TYPE, DEALER_CODE, ACTIVE_FLAG) VALUES ('PCHEN005', 'Peter Chen', 'F7A2B3C4D5E6F7A2B3C4D5E6F7A2B3C4D5E6F7A2B3C4D5E6F7A2B3C4D5E6F7A2', 'S', 'DLR05', 'Y');

COMMIT;

-- Tax Rates for dealer states
INSERT INTO AUTOSALE.TAX_RATE (STATE_CODE, COUNTY_CODE, CITY_CODE, STATE_RATE, COUNTY_RATE, CITY_RATE, DOC_FEE_MAX, TITLE_FEE, REG_FEE, EFFECTIVE_DATE) VALUES ('CO', '00001', '00000', 0.0290, 0.0100, 0.0375, 799.00, 7.20, 50.00, '2025-01-01');
INSERT INTO AUTOSALE.TAX_RATE (STATE_CODE, COUNTY_CODE, CITY_CODE, STATE_RATE, COUNTY_RATE, CITY_RATE, DOC_FEE_MAX, TITLE_FEE, REG_FEE, EFFECTIVE_DATE) VALUES ('IN', '00001', '00000', 0.0700, 0.0000, 0.0000, 199.00, 15.00, 21.35, '2025-01-01');
INSERT INTO AUTOSALE.TAX_RATE (STATE_CODE, COUNTY_CODE, CITY_CODE, STATE_RATE, COUNTY_RATE, CITY_RATE, DOC_FEE_MAX, TITLE_FEE, REG_FEE, EFFECTIVE_DATE) VALUES ('AZ', '00001', '00000', 0.0560, 0.0070, 0.0180, 599.00, 4.00, 32.00, '2025-01-01');
INSERT INTO AUTOSALE.TAX_RATE (STATE_CODE, COUNTY_CODE, CITY_CODE, STATE_RATE, COUNTY_RATE, CITY_RATE, DOC_FEE_MAX, TITLE_FEE, REG_FEE, EFFECTIVE_DATE) VALUES ('GA', '00001', '00000', 0.0400, 0.0300, 0.0150, 699.00, 18.00, 20.00, '2025-01-01');
INSERT INTO AUTOSALE.TAX_RATE (STATE_CODE, COUNTY_CODE, CITY_CODE, STATE_RATE, COUNTY_RATE, CITY_RATE, DOC_FEE_MAX, TITLE_FEE, REG_FEE, EFFECTIVE_DATE) VALUES ('CT', '00001', '00000', 0.0635, 0.0000, 0.0000, 599.00, 25.00, 120.00, '2025-01-01');

COMMIT;

-- System Config
INSERT INTO AUTOSALE.SYSTEM_CONFIG (CONFIG_KEY, CONFIG_VALUE, CONFIG_DESC, UPDATED_BY) VALUES ('NEXT_DEAL_NUMBER', '0000000026', 'Next deal sequence number', 'SYSADMIN');
INSERT INTO AUTOSALE.SYSTEM_CONFIG (CONFIG_KEY, CONFIG_VALUE, CONFIG_DESC, UPDATED_BY) VALUES ('NEXT_FINANCE_ID', '000000000016', 'Next finance app ID', 'SYSADMIN');
INSERT INTO AUTOSALE.SYSTEM_CONFIG (CONFIG_KEY, CONFIG_VALUE, CONFIG_DESC, UPDATED_BY) VALUES ('NEXT_REG_ID', '000000000016', 'Next registration ID', 'SYSADMIN');
INSERT INTO AUTOSALE.SYSTEM_CONFIG (CONFIG_KEY, CONFIG_VALUE, CONFIG_DESC, UPDATED_BY) VALUES ('BATCH_COMMIT_FREQ', '500', 'Commit frequency for batch', 'SYSADMIN');
INSERT INTO AUTOSALE.SYSTEM_CONFIG (CONFIG_KEY, CONFIG_VALUE, CONFIG_DESC, UPDATED_BY) VALUES ('MAX_CREDIT_AGE_DAYS', '30', 'Credit report expiry days', 'SYSADMIN');
INSERT INTO AUTOSALE.SYSTEM_CONFIG (CONFIG_KEY, CONFIG_VALUE, CONFIG_DESC, UPDATED_BY) VALUES ('FLOOR_PLAN_RATE_DATE', '2025-01-15', 'Rate effective date', 'SYSADMIN');

COMMIT;
